Date,Season,Days,12:00 AM,1:00 AM,2:00 AM,3:00 AM,4:00 AM,5:00 AM,6:00 AM,7:00 AM,8:00 AM,9:00 AM,10:00 AM,11:00 AM,12:00 PM,1:00 PM,2:00 PM,3:00 PM,4:00 PM,5:00 PM,6:00 PM,7:00 PM,8:00 PM,9:00 PM,10:00 PM,11:00 PM
1/1/2015,1,4,7119,5661,4026,3253,1972,1613,1991,2049,2607,3644,4795,5786,6719,7100,7313,7849,7872,7301,6860,6172,5225,4352,4006,3150
1/2/2015,1,5,2294,1720,1241,1240,1534,3276,5289,5928,6102,6585,7384,7871,8680,9150,9373,9861,9978,9518,8196,7157,5668,5105,4689,3966
1/3/2015,1,6,2834,2111,1817,1584,1368,1881,2848,3287,4448,5779,6888,7372,8340,9257,9054,8616,8246,8391,7985,6969,6044,5066,4603,4149
1/4/2015,1,7,3203,2356,1904,1559,993,1316,2127,2636,3383,4930,6710,7022,7306,9730,8737,8572,8078,8015,7357,6551,5635,4399,3524,2840
1/5/2015,1,1,1926,1205,968,1079,1879,4933,7925,9598,8655,7446,7354,7600,8056,8769,9550,10965,12097,12108,9635,7315,5699,4634,3843,2843
1/6/2015,1,2,1817,1262,1078,1125,1793,4828,7954,10044,9302,7851,7086,7479,7966,8483,9345,11236,12499,12467,9713,7277,5711,4775,3771,2869
1/7/2015,1,3,1829,1260,1096,1087,1732,4769,8378,9933,9419,8061,7511,7633,8077,8354,9464,10969,12374,12479,9718,6914,5447,4240,3986,2782
1/8/2015,1,4,1671,1116,905,974,1652,4492,7817,9209,8980,7808,7154,7103,7784,8312,9532,10866,12323,12403,9912,7369,5776,4742,4023,2937
1/9/2015,1,5,1923,1370,1052,1137,1652,4434,7807,10120,9154,8183,7848,8105,8969,9500,10519,11740,12889,12465,10237,8254,6955,5791,5174,4221
1/10/2015,1,6,2980,2228,1840,1508,1274,1976,2918,4126,5257,6711,7051,7876,8485,8759,9270,8435,8058,8291,7818,7149,6256,5874,5876,4348
1/11/2015,1,7,3109,2356,1981,1519,1028,1214,2114,2857,3723,5231,6882,6633,7645,9230,8410,7868,7790,7724,7291,5978,5153,3996,3545,2471
1/12/2015,1,1,1675,954,833,881,1811,4749,8063,10073,9369,7572,7222,7241,7836,8142,9056,10716,11950,12009,9154,6816,5352,3965,3509,2555
1/13/2015,1,2,1979,1294,1008,1035,1732,4842,8489,10431,9439,7854,7228,7292,7897,8419,9084,10731,12128,12035,9088,7023,5611,4738,3859,2662
1/14/2015,1,3,1699,1259,1020,1052,1865,4862,8218,10126,9431,8085,7063,7651,8114,8295,9413,11006,12241,12603,9777,7315,6085,4742,4126,2866
1/15/2015,1,4,1864,1361,1071,1174,1791,4731,8275,10544,9689,8090,7658,7736,8295,8600,9796,10560,12138,11999,9959,7433,6486,5450,4485,3329
1/16/2015,1,5,2087,1556,1312,1307,1747,3403,5631,8068,8977,8201,8011,8441,9605,10038,11058,12277,12525,12800,10970,9237,7804,6426,5681,4914
1/17/2015,1,6,3712,2773,2258,1865,1519,2060,3331,4511,5625,6600,6878,7021,7840,7983,7405,7550,7412,6909,7422,6668,6193,5585,5405,4704
1/18/2015,1,7,3635,2826,2422,1878,1230,1322,2206,3083,4136,5565,6521,6484,6968,7682,7555,6914,6420,6163,6413,6089,5088,4932,4518,3261
1/19/2015,1,1,2266,1517,1282,1207,1728,3769,5503,5426,5603,6115,6630,7278,8301,8718,9129,9652,9866,9896,8582,7091,5656,4566,3703,2712
1/20/2015,1,2,1742,1202,1004,1139,1899,4993,8292,10028,9589,8093,7595,7695,8412,8625,9596,11053,12278,12401,10001,7586,5986,4612,3919,2913
1/21/2015,1,3,1835,1239,1017,1149,1884,4882,8444,9989,9400,8654,7575,7801,8077,8745,9558,11163,12312,12687,10291,7777,6422,5006,4437,3105
1/22/2015,1,4,1857,1305,1039,1086,1943,4913,8322,10245,9725,8884,7935,7706,8144,8713,10199,11625,12723,13064,10297,7694,6331,5313,4411,3181
1/23/2015,1,5,1960,1428,1134,1224,1788,4148,7361,9126,8486,7856,7363,8036,8849,9180,10300,11868,12502,12138,10307,8411,6701,5832,5747,4294
1/24/2015,1,6,3095,2221,1948,1557,1400,2089,3186,4312,5672,6747,6990,7420,7584,7979,7787,7538,7215,6932,7190,6587,6292,5595,4858,4607
1/25/2015,1,7,3513,2532,2290,1859,1316,1686,2449,3014,3874,5814,6470,6209,6749,7550,7238,7246,6856,6807,6682,6079,5444,4612,3684,2684
1/26/2015,1,1,1838,1103,892,1076,1855,4939,8174,10255,9218,7725,7000,7308,7737,8467,9453,10599,12257,12515,9080,6685,5239,4354,3598,2592
1/27/2015,1,2,1724,1081,929,1003,1838,4772,8158,10640,9285,8211,7655,7709,8240,8253,9610,10883,12280,12253,9633,7448,5903,4882,3814,2818
1/28/2015,1,3,1700,1154,1005,1080,1863,4816,8613,10128,9431,8054,7447,7624,8109,8721,9599,11262,12402,12334,10263,7665,6081,4702,4296,3151
1/29/2015,1,4,1955,1294,1084,1131,1761,4838,8445,10231,9606,8145,7587,7803,8516,8764,9955,11358,12711,12830,10296,7761,6469,5173,4460,3309
1/30/2015,1,5,2103,1551,1239,1307,1933,4705,8272,10287,9066,8524,8291,8756,9518,10086,10871,11997,13288,12602,10825,9044,7179,5425,4632,4347
1/31/2015,1,6,3259,2394,2160,1783,1480,2022,3236,4127,4773,5600,5774,6383,6751,6897,6807,6951,6742,6826,6610,5630,5152,5313,4971,4342
2/1/2015,1,7,3379,2615,2313,1791,1190,1347,2176,3139,3913,5224,5522,5589,5983,6938,7831,8059,8243,8498,6557,4406,3796,3390,7225,4345
2/2/2015,1,1,2300,1334,943,1017,1919,4714,7764,10078,9515,7792,7317,7675,8169,8265,9517,11178,11911,11638,9368,6976,5327,4413,3634,2709
2/3/2015,1,2,1711,1156,954,1013,1823,4734,8368,10375,9228,8367,7660,7770,8331,8776,9692,11342,12740,12942,9960,7764,6270,5062,4226,2994
2/4/2015,1,3,1835,1201,1086,1221,1940,4980,8329,10440,9451,8274,7698,7765,8344,8817,10124,10751,12496,13039,10334,7737,6474,4954,4424,3056
2/5/2015,1,4,1982,1304,1199,1165,1863,4826,8577,10439,9776,8306,7906,8085,8777,9315,10047,11601,12539,12885,10540,8372,6535,5330,4520,3239
2/6/2015,1,5,2026,1493,1268,1187,1923,4915,8849,9827,9621,8852,8389,8631,9463,9665,11262,12508,13527,12884,10961,9491,7320,5402,5137,4471
2/7/2015,1,6,3362,2471,2023,1697,1470,2021,3366,4574,5710,5984,6426,6791,7161,7333,7381,7208,7137,6755,6912,6182,5922,5437,5472,4821
2/8/2015,1,7,3593,2626,2317,1845,1205,1304,2147,3011,3961,5280,5946,6096,6700,7084,7053,6803,6559,6501,6472,5657,4989,4893,3740,2915
2/9/2015,1,1,1955,1134,944,1007,1963,4797,7551,8921,9199,7639,7354,7420,8083,8319,9517,10846,11772,11340,9251,7137,5637,4668,3787,2759
2/10/2015,1,2,1737,1213,1021,1075,1957,4867,8492,10630,9462,8037,7881,7694,8444,8836,9637,11248,12446,12809,10199,7832,6026,5097,4038,3025
2/11/2015,1,3,1828,1246,1040,1117,1947,4867,8228,9908,9575,8299,7839,8071,8418,9185,9766,11216,12607,12909,10708,8458,6862,4607,4116,3140
2/12/2015,1,4,2029,1317,1156,1224,1865,4818,8433,10482,8670,8205,8330,8317,9079,9714,10484,11824,12559,12799,10665,8686,7165,5912,5108,3622
2/13/2015,1,5,2400,1593,1252,1326,1902,4560,8056,9753,8732,8601,8693,9381,9990,10338,11126,11884,12948,13207,10776,9457,8012,7346,6331,4876
2/14/2015,1,6,3675,2538,2066,1730,1476,2046,3121,4029,5451,6978,7800,8386,8895,9082,9029,8921,8745,8710,7992,7416,6411,5899,5645,4822
2/15/2015,1,7,3618,2567,2146,1692,1103,1310,2279,2807,3816,5136,6212,6137,6706,7865,7999,7855,7607,7708,7280,6747,5507,4771,4006,3136
2/16/2015,1,1,2058,1275,1018,1059,1742,3993,6492,7191,6999,6971,6700,7302,7680,8105,8689,9196,9453,8905,6424,5061,3840,3384,2866,2139
2/17/2015,1,2,1317,915,787,920,1508,3175,5023,5328,6323,8794,8544,7390,7878,8365,9112,10260,11322,11749,8732,6960,5766,4663,4035,2955
2/18/2015,1,3,1865,1228,1084,1161,1834,4595,8102,9788,9686,8044,7498,8126,8161,9122,9839,10982,12322,12479,9787,7373,6252,4688,4170,3010
2/19/2015,1,4,1867,1353,1054,1060,1745,4510,8050,10269,9268,7933,7674,7676,8122,8803,10113,11446,12612,12711,9998,7862,6488,5475,4668,3528
2/20/2015,1,5,2179,1461,1256,1276,1827,4216,8129,10070,9025,8105,8232,8664,9305,10079,11365,12817,13346,12814,9492,8612,6693,5855,5484,4348
2/21/2015,1,6,2962,2268,1766,1654,1397,1827,2932,3842,5093,6469,7519,8328,9199,9843,9796,9904,9615,9311,9021,8123,6508,6266,6320,4945
2/22/2015,1,7,4006,2724,2370,1974,1343,1446,2160,2872,3721,5249,6906,6543,7487,9359,9192,8648,8443,8468,7974,7037,5629,4578,3989,3048
2/23/2015,1,1,2012,1202,1018,1107,1826,4578,7829,10437,9220,8074,7433,7906,8336,8740,9689,11192,12191,12640,9820,7273,6043,4908,4020,2873
2/24/2015,1,2,1786,1233,1036,1087,1775,4330,7290,9065,7984,7091,6786,6868,7505,7901,8921,10550,11597,11863,9409,7253,5811,4869,4445,3183
2/25/2015,1,3,2101,1504,1161,1196,1772,3963,6371,6712,6113,6302,6257,7535,8999,9292,8022,5844,4165,3194,2576,2100,1757,1532,1793,1261
2/26/2015,1,4,886,623,475,527,846,2161,3668,5155,6967,8973,7947,7109,7730,8146,9229,10185,11267,11789,9556,7417,6142,5071,4405,3390
2/27/2015,1,5,2198,1529,1325,1325,1890,4561,8121,10486,9769,8827,8630,8762,9675,10234,11264,12553,12982,13200,11625,9579,8140,6582,6439,5285
2/28/2015,1,6,3702,2701,2319,1972,1729,2194,3624,4951,5762,6760,7029,7114,7675,7809,7769,7698,7489,7088,7228,6897,6551,6350,6322,5443
3/1/2015,1,7,4106,2878,2374,2111,1374,1525,2397,3003,3767,5242,6293,5950,6414,7470,7378,7014,6669,8084,7357,6870,5779,5097,3949,2943
3/2/2015,1,1,1984,1317,988,1099,1917,4791,8189,10391,9383,8312,7755,7682,8455,8833,9857,10777,12209,12497,10104,7518,5796,4887,3992,3386
3/3/2015,1,2,2039,1409,1074,1136,1808,4500,7624,10047,9247,8267,7564,7687,8632,8633,9722,11226,12404,12779,10011,7664,5727,5140,4563,3016
3/4/2015,1,3,1954,1290,1163,1191,1891,4765,8174,10314,9673,8311,7775,8085,8555,8894,10226,11552,12504,12945,10527,8407,7005,5184,4748,3322
3/5/2015,1,4,2187,1520,1344,1358,1917,4793,8097,10398,9578,8219,7572,7749,8633,8859,10063,11556,12497,12585,9947,7999,6092,5078,4263,3281
3/6/2015,1,5,2283,1500,1277,1354,1870,4594,8225,10538,9213,8354,8434,8630,9354,10197,11337,12308,13254,12658,11661,10362,7906,7006,6207,5222
3/7/2015,1,6,3828,2659,2264,1996,1629,2271,3569,4661,5655,6499,6866,6918,7378,7389,7734,7791,7624,7416,7087,6729,6131,5817,5511,5184
3/8/2015,1,7,3797,2904,2426,1931,1379,1723,2610,3406,4454,5827,6784,6561,7564,8423,8112,7806,7635,8080,7377,6732,5961,5123,4137,3224
3/9/2015,1,1,2288,1449,1098,1223,2038,4769,7373,10396,9473,7693,7106,7587,7901,8898,9689,11224,12072,12508,9472,7644,6076,5090,4258,3050
3/10/2015,1,2,1955,1352,1137,1209,1896,4887,8181,10029,9389,8125,7293,7419,7867,8339,9268,11145,12350,11677,9888,7637,6662,5559,4625,3308
3/11/2015,1,3,2111,1442,1242,1324,1995,4837,8054,9231,9361,8571,7730,8023,8411,8995,9585,10295,12281,12599,9848,7849,7077,5177,4583,3376
3/12/2015,1,4,2142,1459,1182,1313,1885,4877,8322,10504,9268,8000,7404,7978,8795,9247,10188,11582,12536,12027,10623,8391,7125,5910,4841,3867
3/13/2015,1,5,2530,1702,1375,1396,1992,4581,8175,10077,8746,7915,7616,8412,9494,10016,10876,12095,12476,12521,10611,8750,7660,6710,5990,4777
3/14/2015,1,6,3596,2541,2190,1916,1628,2060,3337,4315,5643,7059,7306,7801,9335,9094,8939,8805,8616,8440,8201,7705,7570,6079,6574,5286
3/15/2015,1,7,4127,3173,2617,2140,1398,1525,2445,3324,4336,6196,7759,7037,8197,9708,9198,8862,8780,8447,7530,7088,6542,5795,4989,3617
3/16/2015,1,1,2439,1528,1112,1225,2020,5051,7967,9974,9077,7491,7825,7995,8870,9183,9976,11448,12406,12439,9586,7780,6797,5568,4562,3329
3/17/2015,1,2,2160,1395,1127,1233,1892,5125,8358,10542,9581,8299,7597,7972,8738,9009,9968,11693,12952,13037,10380,8521,7291,5962,4790,3700
3/18/2015,1,3,2413,1595,1258,1309,1958,5002,8522,10510,9847,8690,7779,8045,8818,9137,9879,11557,13064,12773,10272,8688,6632,5209,4891,3595
3/19/2015,1,4,2272,1384,1317,1270,1881,4826,7930,9782,9624,8212,7481,7905,8074,9261,9909,11470,12703,11773,9894,7934,6731,5576,4712,3514
3/20/2015,1,5,2196,1535,1313,1322,2020,4712,8418,10547,9287,8755,8459,9175,9897,10343,11554,12616,13584,12625,11007,9646,8354,7510,6604,5508
3/21/2015,2,6,4036,3023,2413,2168,1654,2209,3512,4880,6425,7698,7323,7453,7764,7725,8013,8230,7866,7843,7328,7059,6578,6524,6124,5237
3/22/2015,2,7,4046,3025,2571,2130,1277,1554,2277,3012,3837,5503,6693,6419,7797,9140,8657,8094,7841,8492,7827,6720,6069,5005,4187,3113
3/23/2015,2,1,1983,1116,965,1138,1956,5066,8280,9908,9714,7963,7756,8204,8347,9153,9983,11537,12920,12327,9423,7525,6494,5355,4498,3167
3/24/2015,2,2,1934,1411,1130,1160,1897,4950,8540,10497,9967,8610,7761,8038,8648,9154,10292,11652,13295,13272,10716,8360,7281,6008,4954,3614
3/25/2015,2,3,2239,1451,1213,1208,1996,5100,8538,10001,8644,8509,7604,8125,8752,9250,10397,11956,13190,13342,10779,8245,7416,6138,4953,3762
3/26/2015,2,4,2277,1569,1299,1372,2005,5089,8476,10672,9877,8760,8009,8241,9007,9590,10260,12154,13414,13128,10946,8677,7893,6294,5169,3989
3/27/2015,2,5,2610,1747,1366,1427,2051,4887,8391,10682,9991,8927,8543,8953,9698,10248,11090,12654,13687,13393,12020,10342,8305,6490,6173,5476
3/28/2015,2,6,3970,2894,2399,2116,1695,2315,3570,5010,5756,5081,5999,6243,6303,6282,6400,6401,6265,6338,5981,6556,6501,6031,5473,5076
3/29/2015,2,7,4000,2910,2540,2142,1344,1466,2286,3322,4285,5875,6367,6391,6837,7847,7375,7214,7253,7249,7297,6793,6250,5455,4596,3421
3/30/2015,2,1,2260,1369,1135,1202,2030,5080,7838,9440,8553,8297,7420,7931,8581,8900,9986,11129,12326,12652,9854,7586,6759,5561,4592,3265
3/31/2015,2,2,2069,1407,1136,1270,1907,5002,8473,10615,9885,8897,8010,8008,8656,9106,9899,11403,12451,12778,10015,8154,6638,5403,4744,3451
4/1/2015,2,3,2077,1392,1207,1363,1922,5025,8323,10458,9807,8898,8325,8611,8822,9628,10263,11715,12954,13220,10584,8786,7927,6303,5058,3937
4/2/2015,2,4,2417,1658,1355,1413,2032,5048,8478,10677,10004,8779,8368,8322,9216,9655,10518,12145,12957,13292,10213,8577,7593,6460,5227,4115
4/3/2015,2,5,2782,1866,1541,1493,2018,4595,8216,9903,8735,8566,8985,9415,10233,10724,11631,12806,13090,12420,10697,9241,8623,8080,7136,5919
4/4/2015,2,6,4211,2985,2380,2094,1606,2113,3348,4594,5934,7660,8153,8953,9307,9684,9928,9985,9829,9487,8899,8920,7960,7609,6499,5744
4/5/2015,2,7,3906,2768,2183,1864,1218,1629,2411,3315,4491,6667,8174,7403,8469,10344,10835,10422,9405,9292,9248,9288,8748,6493,5617,3792
4/6/2015,2,1,2377,1467,1137,1199,1997,4850,7532,8651,8518,8263,7971,8489,8738,9430,10389,11062,12158,12354,9583,7569,6020,4809,4094,3151
4/7/2015,2,2,2004,1400,1113,1252,1896,4812,7689,9058,8807,8493,8515,8019,9031,9224,9986,11036,11926,12044,10137,8431,7438,6293,5194,3811
4/8/2015,2,3,2322,1535,1342,1469,2097,5014,7805,9087,8621,8692,8446,8515,9224,9289,9919,11146,12054,12077,10478,8995,8432,6603,5243,3999
4/9/2015,2,4,2478,1791,1498,1536,2132,4859,7646,8889,8876,8831,8683,8158,9320,9285,10346,11021,11270,11176,10213,8849,8280,6720,5536,4043
4/10/2015,2,5,2744,1885,1489,1485,2033,4547,7229,8582,8527,8415,7970,8451,8720,9370,10319,11519,12294,11721,9039,8093,7633,6633,6361,5269
4/11/2015,2,6,4226,2594,2216,1843,1574,2298,3654,4830,6311,8150,8927,8940,9305,10065,10126,10400,10156,10139,9490,8968,8978,8695,7484,6006
4/12/2015,2,7,4507,3094,2450,2058,1425,1489,2407,3302,4501,6414,8063,7721,8612,10249,9841,9620,9168,9002,8939,8139,7412,5787,4683,3349
4/13/2015,2,1,2237,1400,1119,1186,2056,5195,7835,9524,9777,8226,7326,7990,8413,9047,9878,11233,12526,12558,9632,7261,5823,5172,4544,3241
4/14/2015,2,2,2029,1380,1065,1201,1930,4875,7980,10561,9667,8509,7759,7930,8640,9126,10159,11417,13155,12941,10201,8314,6627,5717,4664,3426
4/15/2015,2,3,2015,1434,1180,1297,1971,4909,7699,8754,9016,8751,7875,8332,8706,9148,10448,11625,13294,13070,10348,8193,7020,5914,4715,3461
4/16/2015,2,4,2211,1501,1345,1310,1988,4864,8410,11064,9565,8686,8375,7987,9015,9492,10530,11583,12998,13203,10346,8035,6819,5934,4939,3643
4/17/2015,2,5,2291,1598,1371,1406,2019,4826,8114,10420,9326,8304,8401,8697,8917,9863,10477,12165,12470,11858,10632,9060,7462,6820,6248,5715
4/18/2015,2,6,4342,2705,2209,1896,1439,2180,4054,4921,6221,7139,7679,8123,8742,8907,9139,8939,8070,8175,7790,7477,7044,6355,6050,5710
4/19/2015,2,7,4241,3021,2502,2032,1329,1374,2251,3101,3906,5688,6635,6447,7101,8745,8727,8468,8621,7985,7550,6567,7010,5694,4559,3273
4/20/2015,2,1,2273,1427,1187,1332,2104,5009,7976,10438,9768,8385,7927,8086,8648,9382,10187,11406,12644,12386,9564,7431,6383,5379,4414,3317
4/21/2015,2,2,2164,1456,1188,1289,2034,5044,8650,10675,9967,7922,7880,7779,8400,8876,10084,12049,13541,12951,10287,8189,7093,5986,4821,3464
4/22/2015,2,3,2217,1447,1225,1284,1997,4996,8684,10618,9467,8744,7982,8552,8752,9400,10636,12068,12973,12698,10595,8840,7684,6083,5209,3753
4/23/2015,2,4,2348,1573,1348,1327,2050,4980,8639,10583,9837,8644,8059,8484,9055,9545,10350,12354,13511,13347,10638,8503,7379,6494,5205,3746
4/24/2015,2,5,2431,1726,1421,1444,2072,4804,8595,10607,9736,8755,8582,9050,9983,10401,11327,12775,13807,13148,11778,10156,8643,7352,6706,5851
4/25/2015,2,6,4776,2963,2411,1986,1640,2278,3310,4199,5302,6577,7097,7270,8095,8393,8366,8020,8066,7981,7842,7659,6933,6508,5979,5230
4/26/2015,2,7,4004,2922,2581,2150,1413,1490,2538,3531,4666,6357,7543,7130,7670,8769,8301,8366,8096,8248,8550,8134,7602,6556,4856,3533
4/27/2015,2,1,2416,1371,1065,1156,2052,5036,8603,10579,9042,8072,7709,7784,8529,9213,9628,11460,12738,12603,9493,7531,6172,5381,4477,3180
4/28/2015,2,2,1993,1263,1139,1167,1945,5096,8730,10801,9164,8961,8016,8098,8848,9228,9860,11433,12984,13084,10256,8186,6861,5771,4772,3362
4/29/2015,2,3,2065,1423,1234,1238,1945,4896,7663,9375,9396,8035,7291,7411,8016,9154,10005,11618,12849,12621,10067,7554,6809,6121,5186,3522
4/30/2015,2,4,2340,1720,1413,1320,2036,5008,8042,10350,10270,8910,8189,8527,9248,9523,10165,11859,13165,13084,10222,8598,7552,6629,5574,4030
5/1/2015,2,5,2435,1834,1473,1443,2095,4960,8552,10348,9374,8952,8578,9108,9875,10319,11109,12456,12351,13106,11464,9993,8407,6995,6684,5640
5/2/2015,2,6,3875,2807,2354,1985,1593,2354,3920,5130,5965,6837,7212,7398,7432,7675,7928,8784,9132,9332,8793,8862,9204,9404,7599,4642
5/3/2015,2,7,3234,8277,4249,2504,1478,1658,2642,3669,4378,6338,7622,7737,8464,9509,9117,9102,9656,9119,9158,8574,7827,6420,5173,3523
5/4/2015,2,1,2240,1360,1089,1210,2078,5156,8468,10648,9255,8347,7922,8671,9021,9506,9975,11507,12700,12555,9767,7514,6472,5643,4592,3397
5/5/2015,2,2,2072,1461,1113,1309,2039,5096,8629,10549,9044,8964,7845,8512,9193,9275,10398,11914,13114,12956,10399,8113,6974,6258,5603,4073
5/6/2015,2,3,2596,1822,1434,1410,2113,5096,8712,10555,9491,8500,8017,8194,8817,9318,10385,11796,13171,13108,10441,8392,7637,6648,5489,3696
5/7/2015,2,4,2414,1562,1374,1392,2034,5131,8771,10675,9721,8969,8380,8697,9315,9790,10542,11624,12816,12712,10930,8784,7761,6467,5626,3981
5/8/2015,2,5,2589,1765,1485,1493,2187,4968,8693,10600,9683,8231,9000,9577,10625,11110,11676,12817,13132,12287,10540,9324,8470,7461,6585,5668
5/9/2015,2,6,4048,2805,2282,1993,1762,2290,4045,5237,6557,8223,8808,8742,9062,9753,9346,9778,9058,9292,8822,8433,8196,7381,7093,6086
5/10/2015,2,7,4251,3045,2328,1932,1173,1425,2427,3381,4389,6374,8175,8343,9287,9916,10040,9508,9258,8883,9146,9470,8935,7370,5834,3964
5/11/2015,2,1,2374,1437,1122,1241,2110,5171,8600,10390,9437,8079,7846,8201,8802,9216,10010,11154,12855,12582,9549,7446,6347,5309,4461,3327
5/12/2015,2,2,2025,1528,1162,1273,1977,5119,8717,10490,9519,8446,7721,8061,8602,9271,10185,11247,12505,13044,10352,7752,6830,5828,4776,3289
5/13/2015,2,3,2128,1457,1231,1342,2055,5289,8660,10394,9598,8673,7963,8238,8788,9345,10233,11676,12967,13001,10763,8237,7436,6212,5262,4086
5/14/2015,2,4,2391,1619,1500,1426,2114,5211,8669,10653,9696,9042,8133,8608,8981,9668,10379,11860,13038,13058,10275,8202,7385,6413,5943,3997
5/15/2015,2,5,2592,1769,1529,1534,2153,4866,8568,10793,9867,8927,8912,9576,9814,10457,11648,12678,13210,13149,10738,9168,8311,7007,6150,5236
5/16/2015,2,6,4057,2871,2307,2199,1758,2462,4355,5889,6599,6891,6795,7190,7083,7266,7159,7194,7074,7149,6563,7038,6715,6286,5926,5262
5/17/2015,2,7,4325,3074,2540,2202,1457,1793,3154,3842,4520,6217,7408,7410,8293,8543,8372,8272,6863,7398,7256,6799,6418,5731,4728,3604
5/18/2015,2,1,2341,1341,1091,1218,2160,5394,8866,10404,9784,8038,8040,8515,8832,9068,10509,11780,12685,10292,9020,7090,5573,5028,4146,3161
5/19/2015,2,2,2060,1318,1166,1249,2009,5114,8614,10158,9810,7998,7870,8381,8824,9162,10395,11762,12881,12166,10053,7846,6870,6180,5053,3571
5/20/2015,2,3,2327,1641,1470,1555,2353,5289,8746,10640,9404,8288,7758,8298,8719,8911,10207,11763,12624,12691,10334,8467,7252,6198,5083,4624
5/21/2015,2,4,2562,1657,1371,1371,2076,5117,8367,9790,10417,8762,8503,8640,9273,9999,10634,12018,13086,12934,10999,9153,8157,7266,6274,4359
5/22/2015,2,5,2994,1881,1522,1537,2114,4803,8401,9930,9383,8667,8851,9468,10251,10618,11802,13183,13103,12192,10377,9510,8481,7561,7395,6714
5/23/2015,2,6,4535,3020,2371,2022,1687,2277,3759,4868,6347,7747,8444,9018,9534,10018,10196,10404,9785,9461,9185,8806,8725,8238,7639,6224
5/24/2015,2,7,4645,3147,2421,2050,1410,1445,2455,3390,4143,6136,7908,7730,8381,10035,9499,9534,9073,8494,8096,7463,7468,6918,6382,5218
5/25/2015,2,1,3625,2257,1579,1273,1302,1680,2475,2775,3282,4364,5317,6343,7356,8143,8680,8675,7901,7565,6936,7035,5367,5124,4655,3312
5/26/2015,2,2,2131,1443,1090,1171,1988,5066,8125,9737,8789,7954,7816,8272,8639,9294,9875,11056,11231,10078,8546,6633,5404,4468,4116,3127
5/27/2015,2,3,2019,1510,1216,1239,2004,4965,7922,9990,9013,8077,7643,8089,8631,9357,10106,11270,12630,12445,9906,8138,7011,6164,4574,3872
5/28/2015,2,4,2305,1515,1217,1306,2019,4960,8276,9873,9256,8495,8318,8611,9291,9592,10105,11367,12240,11921,9982,7734,6764,5911,4800,3773
5/29/2015,2,5,2507,1617,1442,1456,2074,4895,8123,9406,9136,8471,9076,9066,9563,10299,10972,12417,13031,12045,10599,9356,8530,7810,7090,5768
5/30/2015,2,6,4092,2918,2380,2204,1835,2379,4112,5240,6445,7875,8242,8817,9456,9429,9498,9450,9574,8264,8410,8044,8027,7449,6908,5777
5/31/2015,2,7,4185,3176,2411,2039,1322,1622,2562,3487,4429,6495,7880,7947,8106,8500,8689,8212,7753,7358,7435,6996,6372,5452,4477,3517
6/1/2015,2,1,2229,1393,1134,1177,2132,5053,8010,9739,9201,8148,8244,8386,8932,9242,9718,11444,12399,12411,9609,7584,6231,5440,4471,3269
6/2/2015,2,2,2110,1504,1185,1253,2043,5077,8418,9809,9910,8245,8255,8388,9190,9412,10035,11506,12652,12520,9865,7908,7042,5884,4922,3593
6/3/2015,2,3,2310,1457,1274,1299,2093,5171,8416,10549,9725,8619,8263,8766,9179,9636,10195,11826,12777,11074,10212,7875,6670,6090,4861,3725
6/4/2015,2,4,2222,1559,1368,1447,2068,4918,7987,10295,9569,8803,8185,8768,9366,9622,10410,11840,12710,12688,9883,8190,7798,6464,5115,4022
6/5/2015,2,5,3121,1956,1748,1638,2142,4958,8060,9681,9589,8834,8849,9341,9623,10363,10964,12501,13289,13100,10927,9427,8752,7919,7073,5859
6/6/2015,2,6,4106,2818,2430,2094,1671,2316,3996,5059,6261,7975,8804,9242,9690,9955,10377,10199,9846,9438,8809,8646,8320,8075,7530,6304
6/7/2015,2,7,4390,3025,2694,2106,1388,1606,2698,3554,4493,6415,8269,7845,8509,10293,9882,9029,9152,8806,8520,8285,6927,5606,4472,4121
6/8/2015,2,1,2531,1578,1153,1229,2064,5167,8324,9876,9656,8399,7944,8373,8767,9078,10008,11279,12343,11922,9660,7574,6610,5764,4806,3432
6/9/2015,2,2,2002,1434,1129,1248,1988,4961,8310,10026,9681,8320,8289,8296,8932,9606,9766,10133,11939,12707,10280,7727,6643,5329,4325,3577
6/10/2015,2,3,2608,1617,1279,1321,1983,4952,8021,10209,9937,8492,8242,8461,9219,9710,10418,11598,12661,13379,10948,8290,7396,6283,5174,3862
6/11/2015,2,4,2425,1461,1283,1341,2030,4953,8362,10203,9913,8728,8390,8426,9002,9458,10397,11864,12573,12691,10487,8489,7453,5936,5157,3811
6/12/2015,2,5,2951,1745,1319,1432,2060,4820,8087,9846,9870,8988,8963,9001,9970,10290,11077,12330,13374,12319,10897,9361,7924,7667,6760,5418
6/13/2015,2,6,3972,3243,2319,2005,1638,2351,3778,5288,6417,7862,8521,9064,9849,10178,10320,10052,10214,10117,9047,8710,8272,7901,7857,6777
6/14/2015,2,7,4950,3412,2650,2085,1402,1505,2527,3392,4422,6374,8008,7851,8422,9820,9684,9058,8554,9021,8969,8861,7405,6419,4973,4593
6/15/2015,2,1,2661,1559,1177,1185,2098,5167,8080,9934,9873,8670,8122,8375,9033,9461,9916,11466,12573,12451,9487,7431,6562,5818,4759,3545
6/16/2015,2,2,2354,1499,1252,1360,2038,5074,8305,9854,9855,8737,8406,8438,8710,9074,10074,10613,12604,12493,9550,8009,7243,5588,4510,3255
6/17/2015,2,3,2890,1657,1231,1355,2114,5032,7971,8854,10277,9002,8301,8294,8841,9337,9961,11437,12180,12828,10715,8405,7248,6449,5770,3943
6/18/2015,2,4,2421,1644,1331,1348,2149,4918,8290,9943,9912,8671,8335,8647,8961,9459,10419,11381,12843,12691,10605,8322,7009,6257,5683,4340
6/19/2015,2,5,2778,1785,1500,1571,2124,4932,8198,9710,9371,8687,9036,9220,9911,10179,11511,12513,13404,12760,11164,9676,8500,8394,7703,6246
6/20/2015,2,6,4639,3371,2737,2308,1769,2472,3960,5278,6692,8793,9287,9307,10209,10174,10605,10068,9015,9609,9127,8812,8228,7808,7383,6396
6/21/2015,3,7,5178,3593,2735,2487,1618,1581,2697,3748,4610,6633,8377,8138,9029,10764,9982,9533,9203,9267,9206,9263,8576,7818,6235,4226
6/22/2015,3,1,2663,1597,1182,1322,2115,5113,8006,9942,9799,8528,8038,8172,8947,9287,10066,11452,12412,12387,9354,7623,6503,5978,4798,3519
6/23/2015,3,2,2318,1540,1175,1395,2075,5014,8190,10041,9879,8608,7795,8171,8804,9387,9799,11598,13191,12956,9939,7856,6985,6245,5056,3676
6/24/2015,3,3,2348,1615,1258,1354,2123,5108,8159,10156,9914,8833,8245,8225,8193,8994,9974,11407,11184,12070,9949,7982,6494,5535,4530,3528
6/25/2015,3,4,2362,1547,1256,1385,2068,5010,8051,10013,10298,8948,8185,8526,9275,9620,10379,11946,12852,12284,10063,8833,7411,6992,5906,4442
6/26/2015,3,5,3217,1976,1564,1530,2233,4870,8120,9524,9584,8797,8870,9238,9841,10310,11230,12804,12597,11733,11197,9181,7849,7685,6642,5593
6/27/2015,3,6,3961,2919,2464,2110,1731,2346,3732,4898,5980,7507,7918,8562,9034,8501,9183,8969,8842,8578,8778,7691,7100,6757,6625,5353
6/28/2015,3,7,4192,3055,2509,2031,1359,1652,2499,3471,4409,6387,8046,7265,8180,9772,9679,9280,8946,8772,8804,8372,7441,6628,5307,4227
6/29/2015,3,1,2814,1580,1176,1204,2079,5120,7837,9667,9232,8245,8247,8344,8764,9226,9735,11267,12317,12391,9449,7767,6705,5989,4811,3521
6/30/2015,3,2,2261,1499,1205,1366,2070,5079,8099,9720,9568,8674,8643,8559,8754,9209,9977,11454,12855,12894,10222,8331,7134,6446,5518,3728
7/1/2015,3,3,2330,1753,1419,1424,2154,5033,8089,9741,9624,8957,8923,9065,9631,9748,10552,11694,12838,12217,10715,8496,6805,5822,5042,3907
7/2/2015,3,4,2696,1714,1442,1451,2093,5008,8012,9720,9462,9062,8845,8943,9938,10495,11657,12543,13495,12685,10993,9505,8604,7761,6855,5185
7/3/2015,3,5,3521,2421,1928,1772,1903,2945,4289,5084,5969,6977,8167,8687,9268,9748,10300,10277,9882,9361,9209,8113,7675,7213,7293,6333
7/4/2015,3,6,4164,3006,2570,2229,1885,1990,2687,2916,3071,3905,4588,5614,6599,7708,8506,8864,8449,8324,7979,7616,7049,7277,8907,7495
7/5/2015,3,7,4977,3080,2241,1916,1333,1459,2296,3008,3931,5565,7002,7294,8471,9827,9463,9300,9062,8727,8411,7707,7167,6688,5631,4324
7/6/2015,3,1,2752,1722,1290,1334,2122,4799,7728,8828,8980,8238,8011,8384,8958,9406,10326,11364,12179,12356,9716,7924,6611,5989,4612,3486
7/7/2015,3,2,2071,1494,1190,1389,2058,4950,8100,9931,9658,8837,8427,8488,9013,9336,10222,11254,12558,12615,10185,8305,7123,6268,5031,3801
7/8/2015,3,3,2375,1536,1381,1317,2043,4920,7973,9660,9806,8790,8453,8579,9120,9428,10151,11344,12920,12808,10747,8533,7263,6485,5416,4027
7/9/2015,3,4,2464,1634,1334,1413,2080,4956,8003,9742,9714,9139,8242,8395,9291,9728,10157,11859,12907,13163,10943,8715,7444,6678,5848,4122
7/10/2015,3,5,2724,1963,1662,1463,2180,4840,7835,9528,9598,8985,8886,9530,9970,10461,11241,12494,13144,12643,10807,9748,8524,6380,6006,5359
7/11/2015,3,6,4049,2889,2317,2147,1739,2442,4183,5122,5622,6705,6775,6925,6952,7309,7372,7223,7164,7479,7239,7079,6497,6114,6133,5432
7/12/2015,3,7,4358,3207,2613,2167,1311,1568,2599,3461,4391,5905,6989,6500,6840,7300,7230,7295,6599,6588,6775,6437,6224,5576,4805,3793
7/13/2015,3,1,2471,1500,1248,1270,2002,4175,7608,9631,9446,8635,8303,8470,9097,9539,10099,11155,12146,12617,9807,7929,6555,5402,4647,3847
7/14/2015,3,2,2350,1575,1238,1356,2088,5024,8133,10066,9402,8306,8172,8323,8839,9372,10153,11260,12730,12932,10042,8289,6991,4941,4014,3298
7/15/2015,3,3,2116,1397,1203,1292,2109,5117,8051,9815,9727,8561,8282,8283,8804,9560,10173,11719,12821,12771,10930,8343,7432,6699,5427,3981
7/16/2015,3,4,2613,1740,1494,1446,2168,5070,8143,9474,10251,8796,8627,8521,9436,9408,10401,11604,13106,13221,10777,8647,6982,6493,5901,4391
7/17/2015,3,5,2801,1935,1620,1590,2134,4796,7842,9760,9612,9108,8690,9408,10002,10506,10951,12391,13664,13348,11590,10295,8396,7970,7737,6906
7/18/2015,3,6,4480,3322,2748,2207,1916,2551,3914,5215,6497,7821,8563,8744,9101,9423,9259,9771,9273,8936,9717,8543,8237,7985,7600,6089
7/19/2015,3,7,4474,3321,2641,2299,1332,1516,2560,3450,4414,6439,7788,7631,8476,9885,9408,9360,8915,8795,8550,7952,7719,6706,4994,4064
7/20/2015,3,1,2789,1513,1247,1292,2191,5192,7843,9822,9492,8466,8237,8457,9003,9488,10060,11024,12493,12585,9837,7881,7034,6088,4775,3359
7/21/2015,3,2,2125,1405,1190,1358,2077,5020,8250,8673,9975,8082,8128,8353,9121,9482,10143,11634,12644,13005,10192,8060,6913,5702,5112,3491
7/22/2015,3,3,2304,1481,1254,1361,2100,5108,8039,9870,9619,8698,8486,8489,9202,9664,10404,11945,13010,13009,10857,8785,6987,6116,5315,4066
7/23/2015,3,4,3150,1698,1444,1433,2173,5038,7924,10041,9761,8734,8058,7493,8021,9520,9912,11265,12757,12966,10152,8500,7177,6292,5357,3982
7/24/2015,3,5,2653,1780,1505,1489,2169,4902,7847,9436,9475,8975,9200,9622,9898,10654,10225,11766,13381,12648,10494,9424,8379,6728,6248,5447
7/25/2015,3,6,4094,3121,2577,2208,1836,2455,3655,4753,5542,6905,7194,7372,7437,7714,7736,8293,7840,7630,7385,7129,6857,6643,6306,5971
7/26/2015,3,7,4491,3267,2614,2211,1518,1638,2489,3450,4205,6020,6511,6678,6867,8004,7865,7512,7202,7281,7038,6698,7137,6702,5406,3984
7/27/2015,3,1,2587,1642,1268,1301,2095,5127,8063,9727,9177,8165,8437,7885,9258,9063,10171,11226,12221,11801,9518,7346,6184,5349,4649,3233
7/28/2015,3,2,2132,1498,1209,1392,2059,5135,8147,10150,9472,8424,8146,8503,8678,9315,9902,11321,12808,12625,10129,8002,6859,5982,4967,3641
7/29/2015,3,3,2286,1548,1286,1350,2078,5104,7669,10388,9750,8543,8310,8619,8889,9082,8824,11335,12703,12954,10280,8369,7128,6501,5179,3743
7/30/2015,3,4,2411,1703,1484,1352,2092,5216,8326,10430,9596,8704,8441,8684,9291,9688,10547,11692,12696,12662,10183,8341,7197,6509,5914,4307
7/31/2015,3,5,2753,1951,1666,1646,2238,5012,8113,10195,9312,9085,8993,9208,10256,10541,11671,12513,13434,12848,10971,9694,8285,7929,6890,5804
8/1/2015,3,6,4341,2972,2594,2207,1847,2471,3737,4935,6337,7717,8837,9269,9804,9761,10124,10273,9766,9476,9125,8889,8213,7724,7612,6191
8/2/2015,3,7,4725,3298,2666,2215,1450,1686,2591,3573,4513,6593,7281,7361,7808,8715,8797,8182,8071,8325,8181,7519,7190,6018,5108,4100
8/3/2015,3,1,2861,1653,1234,1400,2294,5205,8303,10064,9359,8557,8460,8659,9313,9901,10287,11379,12803,12618,10111,8433,6706,5713,4834,3614
8/4/2015,3,2,2199,1412,1282,1418,2192,5299,8323,10531,9595,8367,8251,8704,9520,9744,10345,11524,13316,13426,10395,8407,7219,6212,5190,3774
8/5/2015,3,3,2305,1542,1257,1370,2175,5268,8664,10415,9944,8451,8417,8723,9089,9574,10424,11813,13193,13266,10757,8684,7175,6342,5468,3928
8/6/2015,3,4,2363,1634,1352,1436,2185,5287,8263,10922,9959,8543,8470,8435,9137,9438,10491,11686,12460,12709,10419,8036,6833,5764,5207,3939
8/7/2015,3,5,2507,1740,1375,1520,2242,5116,8455,10746,9391,8778,8826,9118,9647,10742,11331,12683,12868,12745,11145,9956,8577,7771,7241,5859
8/8/2015,3,6,4233,2957,2493,2162,1734,2458,3778,5061,6145,7462,7901,8293,8802,9230,9366,9774,9838,9826,9628,9061,8617,8341,7917,5986
8/9/2015,3,7,4520,3268,2657,2185,1347,1600,2449,3448,4422,6156,7543,7441,8442,10223,9761,9718,9334,8907,9241,8179,7668,6324,4897,3535
8/10/2015,3,1,2240,1452,1155,1282,2165,5406,8957,10685,9469,8131,8091,8266,8875,9195,9911,11556,12334,11352,9287,5871,5650,4941,4112,2971
8/11/2015,3,2,1966,1315,1106,1330,2186,5373,8898,10333,9671,8330,8161,8336,8537,9438,10171,11551,12977,12787,10334,7817,6776,5793,4424,3441
8/12/2015,3,3,2143,1480,1257,1324,2157,5326,8857,10417,9845,8550,7750,8096,8738,9379,10023,11731,13036,13247,10642,8113,7359,6456,5006,3862
8/13/2015,3,4,2309,1565,1342,1458,2177,5335,8854,11015,9926,8609,7996,8522,9158,9664,10531,11582,11588,12149,10515,8688,6976,6287,5173,4007
8/14/2015,3,5,2449,1719,1456,1598,2258,5232,8652,10899,9511,8583,8706,8971,9302,10109,11692,13027,13769,13468,12134,9965,8594,8144,8259,6599
8/15/2015,3,6,4662,3156,2540,2083,1808,2501,3698,5043,6518,8264,8740,9388,9645,10029,10015,10349,10104,10506,9553,9281,8654,8182,7796,6468
8/16/2015,3,7,4783,3371,2632,2330,1412,1632,2481,3529,4662,6705,8178,8037,9182,10639,10030,9800,9634,9562,9453,8587,7631,6050,4865,3490
8/17/2015,3,1,2399,1496,1285,1272,2336,5569,8622,10473,9298,8385,7602,7814,8842,9562,10099,11612,12636,12800,9085,7337,6045,5036,4171,3123
8/18/2015,3,2,2095,1431,1139,1420,2295,5470,8446,10363,9977,8563,7895,8112,8470,8905,10249,11661,12881,13073,9660,7047,6145,5184,4565,3403
8/19/2015,3,3,2137,1398,1147,1296,2266,5261,8728,10846,9267,9106,8057,8341,8864,9509,10384,12346,12456,12118,9581,7416,6320,5380,4469,3285
8/20/2015,3,4,2097,1427,1334,1305,2257,5282,8584,10659,9949,8250,8059,8359,9069,9406,10518,11963,12032,12501,10119,8590,7359,6368,5211,3742
8/21/2015,3,5,2474,1825,1505,1510,2319,5222,8285,10636,10015,8674,8519,9092,9740,10412,11456,12910,13492,13197,11264,9551,8269,6537,6183,5610
8/22/2015,3,6,4363,2868,2739,2288,1821,2381,3576,4549,5649,6267,6488,6754,7063,7062,7339,6935,6929,6806,6957,6556,6607,5814,5726,5239
8/23/2015,3,7,4288,3287,2731,2302,1365,1533,2363,3146,3397,4728,5896,5802,6470,7129,7140,6745,6574,6698,7175,6966,6655,5661,4634,3177
8/24/2015,3,1,2212,1251,1028,1219,2184,5427,8082,10354,9879,8514,7508,7969,8420,9079,9820,11558,12553,12454,9496,7502,6147,5217,4560,3140
8/25/2015,3,2,2085,1411,1163,1387,2124,5522,8868,10638,10017,8550,7854,7845,8500,9111,10059,11599,12782,12781,9462,7972,7019,5694,4848,3395
8/26/2015,3,3,2191,1405,1189,1349,2167,5411,8509,10453,9858,9097,8050,8183,8594,9011,10138,11635,13021,13098,10700,8235,7149,5986,4992,3496
8/27/2015,3,4,2150,1562,1295,1407,2106,5412,8907,10815,10099,8633,8111,8320,9165,9429,10752,12315,13943,12942,10617,8779,7336,6191,5111,3660
8/28/2015,3,5,2394,1646,1427,1464,2174,5248,8390,10759,9808,8702,8470,8916,9783,10652,11316,12740,13814,12955,11581,9595,8216,7304,7181,6397
8/29/2015,3,6,4671,2972,2354,2037,1697,2301,3630,4604,6165,7495,8541,8944,9471,9864,9689,10169,9850,9270,8764,8369,7905,7472,7264,6226
8/30/2015,3,7,4262,3109,2501,1978,1355,1502,2262,3050,3920,5325,6420,6259,7723,8846,9121,8694,8750,8920,8105,7255,6214,5217,4203,3098
8/31/2015,3,1,2234,1351,1026,1139,2197,5384,8250,10829,9013,8372,7487,7929,8373,8902,9850,11084,12766,12963,9862,7333,6384,5332,4534,3162
9/1/2015,3,2,2003,1411,1200,1391,2110,5434,8712,10475,9785,8703,8101,8138,8780,9329,10125,11786,12976,12939,10084,8314,7146,5764,4852,3413
9/2/2015,3,3,2183,1510,1264,1369,2110,5397,8671,10646,10104,8173,8178,8719,8590,9371,10282,11898,13142,13195,10446,8560,7132,5886,4611,3565
9/3/2015,3,4,2272,1608,1270,1434,2165,5536,8742,10918,10108,8531,8379,8841,9388,9900,10936,12599,13123,12283,10679,8618,7230,6460,5945,4280
9/4/2015,3,5,2615,1903,1561,1673,2281,5308,8682,10636,9622,8789,9091,9425,10283,10626,12304,13765,13562,12047,10215,9836,8710,7860,7218,6083
9/5/2015,3,6,4629,3277,2898,2593,2088,2592,3737,4893,6274,7621,8546,9093,9568,9589,9804,9492,9270,9278,9391,9135,7877,7217,6840,6319
9/6/2015,3,7,4768,3352,2931,2664,1800,1797,2401,3319,4195,6240,7777,7850,8462,10091,9734,9502,8782,9114,8560,8002,7988,7331,6093,4920
9/7/2015,3,1,3798,2394,1673,1532,1469,1727,2362,2777,3221,4559,5784,7024,8078,8812,8923,9128,8825,8711,8305,8118,7404,6248,4861,3482
9/8/2015,3,2,2286,1471,1269,1415,2192,5628,8365,10682,9908,8629,8010,8152,8744,9289,10111,11165,12512,12441,10436,8069,6756,5243,4238,3171
9/9/2015,3,3,2052,1379,1136,1276,2089,5247,7892,9695,9388,8585,8000,8422,8713,9219,10280,11769,12879,12651,10539,8495,7180,5658,4535,3237
9/10/2015,3,4,2042,1433,1208,1358,2138,5387,8482,10611,10008,8746,8275,8250,9058,9334,10135,11389,13073,12831,9379,7708,7135,5897,4765,3631
9/11/2015,3,5,2413,1617,1327,1457,2113,5434,8690,10593,9798,8688,8488,9039,9772,10872,11396,12889,11655,11366,11116,9754,8650,7562,6947,5592
9/12/2015,3,6,4027,2868,2367,2154,1733,2542,4006,5036,6793,7891,8038,8654,9253,8415,9271,10205,9364,9327,8680,8669,8552,7814,7208,5776
9/13/2015,3,7,4327,3327,2719,2180,1315,1499,2394,3175,4256,6448,8380,8042,9151,10176,9512,9276,9328,9392,9021,8974,7370,5739,4362,3379
9/14/2015,3,1,2091,1343,953,1139,2182,5380,8285,9958,10030,8308,7829,7884,8354,9001,10203,12226,13309,13128,10496,7639,6042,4978,5911,4063
9/15/2015,3,2,2137,1399,1121,1296,2079,5471,8554,10397,10209,8717,8307,8321,8629,9235,10301,11716,13152,13457,10490,8434,6895,5535,4537,3282
9/16/2015,3,3,2010,1365,1147,1316,2083,5504,8756,10997,9771,8728,7920,8311,8888,9173,10342,11787,13182,12935,10580,8483,7200,5896,4704,3474
9/17/2015,3,4,2200,1509,1217,1361,2142,5426,8655,10310,10007,8603,8312,8432,8793,9584,10675,12113,13562,13054,10825,8861,7683,6419,5086,3641
9/18/2015,3,5,2545,1726,1429,1497,2220,5274,8663,10484,9953,8691,8940,9206,9857,10159,11651,11875,12253,13434,11930,10095,8734,7573,7009,6091
9/19/2015,3,6,4426,2946,2474,2103,1733,2411,3931,5042,7120,8173,8987,9391,9943,10182,10367,10364,10074,10158,9304,8600,7945,7524,7227,5762
9/20/2015,3,7,4578,3183,2594,2275,1484,1689,2507,3373,4427,6828,8531,8673,9895,10614,10142,9306,9822,9647,9448,9231,8001,5929,4368,3159
9/21/2015,3,1,2201,1282,988,1215,2113,5547,8448,10395,9512,8233,7763,7865,8676,9118,10132,11629,12478,12822,9788,7657,6323,5017,4050,2936
9/22/2015,3,2,1991,1312,1107,1356,2116,5383,8577,10321,9800,8377,7799,7933,8706,9003,10188,11808,12834,13216,10296,7991,6963,5267,4382,3188
9/23/2015,3,3,2073,1411,1161,1357,2151,5668,8791,10783,9877,8319,8119,8323,8941,9573,10335,11862,12876,13178,10753,8740,7535,5355,4864,3504
9/24/2015,4,4,2183,1439,1269,1350,2161,5632,8445,10892,10091,8930,8361,8424,8928,9587,10816,13127,14077,13501,10410,9004,7410,5719,4782,3503
9/25/2015,4,5,2282,1636,1286,1365,2175,4438,8188,9032,8796,8548,8282,8488,9468,10867,12030,12991,12698,11828,10960,9391,7870,6994,6482,5535
9/26/2015,4,6,3957,2833,2407,2046,1677,2293,3529,4942,6176,7249,7981,8531,9208,9672,9565,9309,8764,9295,8541,7487,6944,6311,5994,5117
9/27/2015,4,7,3746,2733,2408,2020,1387,1600,2469,3137,4222,6157,7536,8000,9103,9919,9179,8745,8937,9127,8902,8409,6566,5765,4587,3289
9/28/2015,4,1,2251,1483,1217,1302,2260,5621,8345,10165,9525,8127,7623,7829,8497,9006,9823,11184,11988,12496,9560,7391,5983,4784,4045,2947
9/29/2015,4,2,1982,1313,1046,1304,2117,5044,8118,10147,9392,7961,7320,7134,8242,8251,9723,11111,12716,12617,10078,7766,6577,5478,4410,3083
9/30/2015,4,3,2069,1431,1156,1287,2143,5466,8507,10956,9790,8619,8013,8522,8804,9521,10479,11922,13145,12973,10463,8790,7478,5749,4952,3423
10/1/2015,4,4,2207,1628,1357,1457,2304,5450,8779,10956,10023,8378,8161,8354,9150,9633,10589,12271,13484,14075,11274,8890,7250,5625,4829,4149
10/2/2015,4,5,2894,1677,1362,1419,2173,5261,8254,10580,9862,8682,8731,9146,10027,10724,11565,13305,13800,13081,11450,9962,8188,7044,6728,5986
10/3/2015,4,6,3915,2772,2401,1897,1623,2181,3407,4528,6005,7286,8137,8586,9573,9754,9563,9519,8547,8706,8399,8183,7071,6981,6503,5168
10/4/2015,4,7,3637,2694,2351,1920,1331,1543,2409,3127,3988,6112,7603,8081,9114,9917,9193,9158,9476,8618,8321,7152,6463,4945,4665,3280
10/5/2015,4,1,2122,1290,1097,1201,2189,5635,8592,10371,9999,8187,7919,8145,8876,9327,10318,11681,12557,12573,10173,7884,6320,4839,4049,2978
10/6/2015,4,2,2042,1361,1135,1344,2011,5468,8729,10546,9974,8777,7998,8145,8581,9078,10430,11816,13204,12549,10409,8783,7170,5474,4641,3468
10/7/2015,4,3,2147,1411,1258,1343,2290,5442,8668,9862,10181,8810,8084,8188,9084,9615,10495,11423,12515,12298,11086,9314,7572,5884,5139,3738
10/8/2015,4,4,2320,1547,1259,1439,2168,5250,8535,9650,9543,8879,8276,8496,8820,9647,10466,11740,13172,13337,11039,9459,8052,6530,5364,4228
10/9/2015,4,5,2811,1980,1647,1383,2344,5277,7857,9601,9249,8675,8785,9084,10240,10589,11488,12687,13244,12709,11268,10066,8519,7239,6880,5983
10/10/2015,4,6,4560,3162,2724,2347,1722,2279,3396,4318,5873,7340,7874,8391,8927,9478,9537,9333,8982,8748,8588,8190,7392,6747,6506,5679
10/11/2015,4,7,4478,3114,2700,2383,1559,1723,2475,3366,4403,6506,8107,8693,9621,9542,9080,8701,9523,9235,8779,8377,6964,6259,5111,3719
10/12/2015,4,1,2494,1613,1272,1354,2223,5017,7574,8588,8322,7800,7842,8148,8861,9120,9992,11023,11988,12009,9832,8227,6666,5274,4367,3225
10/13/2015,4,2,2084,1405,1170,1391,2186,5426,8496,10401,9922,8630,8033,7886,8639,9239,10285,12129,12985,13097,10635,8606,6752,5704,4681,3252
10/14/2015,4,3,2118,1389,1115,1327,2206,5541,8452,10421,9763,8573,8018,8317,8928,9558,10497,11569,13268,13107,10616,9025,7426,5578,5024,3672
10/15/2015,4,4,2244,1492,1236,1313,2247,5479,8742,10449,9676,8757,8263,8153,8873,9674,10520,12432,12193,12090,11586,9368,7703,5723,4629,4499
10/16/2015,4,5,2776,1753,1385,1467,2290,5301,8614,10427,9340,9019,8476,9047,9772,10416,11424,11665,13569,12576,11237,9875,8626,7252,6716,5554
10/17/2015,4,6,4116,2782,2276,1975,1653,2339,3674,4752,6208,7947,8498,9144,9696,9759,9636,9477,9354,9243,9023,8711,7340,6964,6663,5925
10/18/2015,4,7,4548,3063,2538,2081,1316,1534,2468,3171,4217,6175,7873,7982,8661,9398,9393,9160,8641,8823,8416,7984,7145,5987,4855,3260
10/19/2015,4,1,2250,1303,1038,1133,2223,5512,8618,9988,9042,8069,7662,7993,8697,9245,10061,11605,12698,12454,9957,7911,6374,4968,4073,3111
10/20/2015,4,2,1957,1276,1066,1263,2074,5343,8624,10016,9725,8685,7799,8037,8662,9018,10392,11911,13244,12951,10492,8366,6641,5366,4466,3287
10/21/2015,4,3,2058,1374,1113,1290,2163,5438,8670,10436,9467,8386,7825,8502,8940,9515,10533,12160,13178,12857,10904,8785,6986,5757,4782,3520
10/22/2015,4,4,2328,1562,1354,1497,2244,5412,8696,9971,9652,9139,8287,8442,9336,9742,10664,12498,13479,13626,11020,9101,7353,6187,5496,4005
10/23/2015,4,5,2812,1936,1697,1759,2362,5177,8534,10461,9676,8989,8552,9129,9985,10634,12136,13428,13471,12936,11460,10081,8394,7972,6971,6037
10/24/2015,4,6,4666,3230,2747,2410,1909,2476,3827,5292,6449,7622,8717,9772,10241,10709,10613,10101,10366,9907,10282,10333,8674,7514,7421,7315
10/25/2015,4,7,6162,3769,3007,2561,1609,1805,2707,3296,4445,6461,8101,8131,9112,9857,9269,9024,8938,8812,8638,8810,7777,6545,5177,3483
10/26/2015,4,1,2244,1422,1143,1288,2204,5508,8391,9850,9132,8204,7254,7528,8420,8634,9998,11132,11511,11572,9185,6873,5620,4501,3681,2904
10/27/2015,4,2,1854,1207,982,1290,2057,5295,8195,9706,9050,8344,7461,7692,8070,8686,9875,11515,12804,12463,9939,7777,5865,4816,4428,3175
10/28/2015,4,3,2059,1339,1031,1208,2060,5207,7894,9516,9258,8766,7848,7836,7680,8743,10474,12269,13330,12960,10433,8236,7151,5517,4634,3327
10/29/2015,4,4,2115,1490,1188,1393,2155,5368,8809,10767,9957,8473,8215,8385,9025,9637,10492,12334,13434,12809,10536,9011,7259,6031,5111,3845
10/30/2015,4,5,2489,1718,1373,1620,2274,5311,8762,10344,9582,8697,8796,9424,10085,10921,11807,13318,13480,12929,11776,10436,8884,7570,6896,6104
10/31/2015,4,6,4523,3205,2516,2108,1727,2384,3558,4393,5836,7382,8016,8796,9248,9214,9842,9729,9594,9671,9067,8536,7961,7540,7275,6456
11/1/2015,4,7,5386,6809,2427,1841,1180,1589,2424,3469,4405,6339,7593,8037,8642,9091,8525,7982,8182,9148,7720,6883,5765,4535,3638,2754
11/2/2015,4,1,1922,1159,968,1108,2030,4949,7183,8595,8385,7935,7068,7339,7898,8532,9529,11180,11728,12295,9313,6875,5514,4533,3730,2766
11/3/2015,4,2,1930,1316,1068,1395,2137,5537,9190,10931,9660,8710,8216,8260,8990,9272,10258,11760,13248,13095,10400,7625,6107,4950,4256,3151
11/4/2015,4,3,2028,1291,1115,1315,2127,5447,8988,10772,10014,8502,8073,8284,8698,9534,10269,12031,13501,13017,10606,8100,6514,5064,4669,3437
11/5/2015,4,4,2188,1408,1171,1398,2234,5419,8177,9920,9574,8577,8143,8181,8871,9704,10280,11855,13074,11995,9382,8226,6798,5496,4944,3770
11/6/2015,4,5,2337,1543,1363,1583,2134,5281,8748,10519,9654,8540,8779,9261,9797,10012,11186,12982,13455,12641,10752,8690,7400,6433,5774,4820
11/7/2015,4,6,3512,2479,2082,1801,1659,2407,3541,5045,6388,7583,8106,8796,9307,9879,9668,9274,9162,8857,8314,7325,6239,5796,5751,4827
11/8/2015,4,7,3574,2612,2175,1768,1283,1650,2401,3205,3839,5788,6995,7085,7359,8678,8361,7653,7450,7521,7067,6626,5217,4469,3621,2607
11/9/2015,4,1,1841,1121,979,1181,2133,5409,8109,10306,9574,7933,7205,7695,8271,8769,9685,11432,12578,12402,9513,6821,5424,4429,3939,2855
11/10/2015,4,2,1866,1248,1045,1312,1887,5013,8812,10773,9754,8674,8038,8092,8652,9123,10133,10356,12628,12679,10612,7767,6478,5181,4371,3199
11/11/2015,4,3,2065,1267,1167,1328,2122,5149,8052,9988,8834,7996,8026,8225,8792,9407,10179,11439,12280,12359,10139,7768,6676,5127,4696,3294
11/12/2015,4,4,2214,1402,1263,1411,2235,5510,8885,11000,9762,8401,8007,8481,8800,9618,10374,12054,13054,13356,11039,8253,6873,5738,4949,4018
11/13/2015,4,5,2435,1640,1348,1455,2258,5357,8836,10092,9825,8884,8707,9300,9832,10474,11327,12980,13558,12833,11342,9246,7753,6870,6298,5120
11/14/2015,4,6,3690,2593,2393,1935,1755,2365,3932,5219,6456,7729,8069,8735,8770,9306,9270,9088,8777,8894,8513,8079,7090,6450,5875,4929
11/15/2015,4,7,3699,2900,2403,1954,1353,1545,2459,3465,4363,5845,7878,7994,8675,9519,9081,8574,9004,8868,8317,7338,6330,5062,4094,2916
11/16/2015,4,1,1950,1242,1093,1251,2207,5554,8611,10470,9648,8258,7754,8088,8667,9306,9707,11465,12784,13027,9905,7341,5781,4637,3978,2972
11/17/2015,4,2,1850,1245,1101,1307,2159,5580,8755,10839,10358,8605,8194,8067,8833,9573,10316,12067,13375,13403,10296,7915,6294,5304,4273,3218
11/18/2015,4,3,2119,1460,1172,1326,2195,5384,8109,10171,9646,8229,7452,7851,8326,9141,10270,11796,12122,10096,8478,6727,5327,4343,4174,3176
11/19/2015,4,4,1891,1326,1145,1276,2146,5478,8851,10296,10065,9001,8542,8655,9319,9673,11003,12683,13383,13392,11118,8830,7203,6090,5118,3744
11/20/2015,4,5,2449,1733,1452,1594,2293,5489,8431,10000,10025,8439,8509,9514,9935,10589,11704,12767,13244,13229,11578,9639,8082,7213,6679,5624
11/21/2015,4,6,3906,2976,2314,2061,1801,2687,3959,5195,6544,7969,8391,8997,9356,9929,9957,10276,9584,9345,8714,8017,6988,6504,6335,5133
11/22/2015,4,7,3931,3021,2385,2134,1615,1719,2605,3689,4717,6708,8063,8510,9186,10240,9416,9259,10641,9659,8705,7343,6190,5052,4170,3297
11/23/2015,4,1,2213,1341,1116,1328,2178,5219,7887,9123,9110,8530,8243,8400,9116,9658,10287,11731,12154,12675,10236,7961,6395,5199,4540,3315
11/24/2015,4,2,2268,1412,1196,1380,2100,5260,8144,9238,9106,8713,8815,8978,9544,10182,10773,11848,12968,11402,10927,8648,7011,6384,5811,4100
11/25/2015,4,3,2812,1875,1547,1598,2352,5103,7659,8646,8454,8615,9228,10171,10798,11181,12088,12467,11930,10567,9814,8635,7420,6352,6033,4754
11/26/2015,4,4,3257,2126,1684,1570,1308,1916,2673,2855,3499,5244,6467,7859,8390,9123,9964,9354,8731,8590,8763,8592,8108,7482,6471,4827
11/27/2015,4,5,3103,1912,1449,1439,1439,2221,3305,3786,4192,5365,6241,7290,8175,8718,9426,9635,9372,8944,8575,7027,6517,5700,5732,4435
11/28/2015,4,6,3203,2383,2053,1913,1503,1961,2845,3775,4920,6252,7459,8163,8784,9082,9377,9787,9406,9227,8396,7613,7224,6520,6275,4992
11/29/2015,4,7,3723,2776,2442,2064,1534,1757,2562,3677,4805,6880,8491,8631,10294,10257,9628,9783,10783,9649,8987,7378,6671,5342,4522,3218
11/30/2015,4,1,2306,1413,1225,1307,2275,5698,8708,10638,9299,8012,7712,7932,8343,8679,9916,11355,12136,12624,9831,7334,5705,4794,4391,3317
12/1/2015,4,2,2074,1518,1143,1430,2267,5577,8779,10839,9976,8563,8199,8344,8506,9339,10477,11795,13093,12749,10505,7849,6260,5215,4315,3205
12/2/2015,4,3,2011,1434,1177,1316,2252,4998,8314,8851,9634,8705,7763,7963,8607,9179,10118,11614,12877,12610,10175,7778,6390,5021,4688,3390
12/3/2015,4,4,2059,1555,1392,1382,2339,5497,8740,10537,10171,8423,8032,8102,8531,8989,10688,12260,13003,12538,10628,8095,6117,5609,4910,3631
12/4/2015,4,5,2354,1549,1360,1452,2233,5184,8510,9781,9812,8704,8782,9033,9887,10361,11386,12703,11628,12356,11548,9946,7878,7334,6805,5831
12/5/2015,4,6,3892,2711,2323,2056,1715,2453,3780,4931,6376,8086,8678,9562,9913,10190,10297,10238,9964,9942,9170,8380,8148,6978,6406,5234
12/6/2015,4,7,4159,2946,2358,2014,1344,1602,2522,3499,4640,6643,8019,7916,8600,9913,9576,9127,9177,9198,7842,7114,6526,5060,4008,3037
12/7/2015,4,1,2096,1321,1048,1246,2183,5507,8504,9758,9408,8402,7541,7976,8449,8988,9882,11408,12250,12680,10185,7300,5652,4789,3979,2984
12/8/2015,4,2,2058,1329,1099,1394,2141,5463,8430,9725,9753,8460,7942,7515,8452,8959,9961,11481,12305,12468,10388,7644,6443,5225,4424,3233
12/9/2015,4,3,2001,1388,1201,1373,2167,5463,8677,9899,9791,8350,8147,8178,9070,9318,10163,11602,12811,12593,10565,7358,5118,5311,4481,3358
12/10/2015,4,4,2315,1470,1303,1453,2234,5614,8888,10527,9923,8182,8508,8495,9368,9752,10726,12304,13744,13350,10348,8361,7064,5975,4891,3892
12/11/2015,4,5,2528,1661,1453,1582,2224,5405,8390,10880,9642,8858,8882,9389,10100,10710,11986,12957,13831,13405,11104,9117,8263,7377,6662,5439
12/12/2015,4,6,4024,2885,2359,2160,1768,2532,3805,5279,6726,8398,9215,9909,9445,10588,10814,11058,10988,10498,9603,8660,7723,6948,7076,6069
12/13/2015,4,7,4382,3320,2591,2219,1436,1726,2468,3427,4244,6280,7893,7677,9115,9862,9343,9156,9409,9068,8594,7532,6583,5401,4370,3087
12/14/2015,4,1,2147,1346,1083,1257,2232,5520,8653,10619,9619,7572,7277,7971,8469,9066,9934,11300,12280,12575,9796,7536,5907,4817,4380,3267
12/15/2015,4,2,2144,1444,1210,1443,2242,5595,8521,9847,10077,8796,8434,8672,8793,9557,10359,12066,12601,11894,10729,7965,6586,5286,4487,3758
12/16/2015,4,3,2324,1511,1211,1416,2282,5546,8527,9939,9854,8756,8141,8484,9242,9775,10971,12554,13412,12931,10321,7926,6624,5574,4913,3569
12/17/2015,4,4,2081,1429,1316,1362,2238,5545,7842,10415,9198,8325,7968,8438,8966,9472,10526,12027,13393,12788,9438,8545,6826,5839,5256,4125
12/18/2015,4,5,2518,1774,1579,1594,2277,5263,8620,10353,9305,8601,8276,9139,9999,11194,11911,12702,12954,12699,11245,9445,8331,7395,6792,5746
12/19/2015,4,6,4143,3041,2607,2184,1900,2472,3744,4815,6318,8291,9413,10130,9924,9743,10291,10490,10520,10269,9754,8915,7933,7052,6819,5754
12/20/2015,4,7,4666,3557,2650,2137,1409,1707,2528,3467,4419,6656,7793,8146,8916,10566,9802,9416,9384,9357,8883,7522,6590,5747,4909,3639
12/21/2015,1,1,2456,1644,1317,1449,2231,5454,7517,8607,8100,8009,8734,8603,9170,9373,10765,11574,11864,12311,9644,7519,6183,5185,4774,3470
12/22/2015,1,2,2236,1556,1299,1422,2053,5071,7354,8343,8260,8306,8476,8747,9290,9896,10228,11086,11975,10954,8226,8256,6705,5623,5058,3791
12/23/2015,1,3,2614,1765,1495,1570,2204,4837,6806,7678,7369,7611,8222,8708,9613,10374,10628,10701,10073,9297,8400,7331,6241,5497,5171,4022
12/24/2015,1,4,2807,2092,1719,1696,1850,3207,4318,4274,4770,5430,6322,8027,7946,8293,8993,8757,8523,7800,7615,6939,6280,5525,4788,3813
12/25/2015,1,5,2810,1842,1384,1019,842,1044,1633,2040,2597,3766,4586,6062,7078,7946,8780,9057,8327,7979,7413,7227,7107,6326,5369,4225
12/26/2015,1,6,3023,2013,1625,1343,1474,1648,2329,2995,3882,5416,6936,8087,8913,9511,9360,9470,9165,9264,8931,7814,6967,6345,6524,5037
12/27/2015,1,7,3797,2941,2414,2048,1508,1693,2400,3016,4111,6103,7813,8417,9394,9517,8716,8536,10426,9369,8374,7340,6354,5668,4676,3569
12/28/2015,1,1,2586,1718,1468,1399,2165,4816,6760,6968,6880,7153,7599,8008,8747,9222,9815,10358,10528,9832,7415,5769,5056,4489,4030,3147
12/29/2015,1,2,2154,1586,1268,1523,2142,4845,6980,7525,7466,7739,8005,8333,8942,9491,10228,11054,11556,11413,9625,7807,6827,5977,5209,3675
12/30/2015,1,3,2498,1762,1435,1572,2002,4533,6277,6736,6777,6841,7452,7644,8128,8709,9781,10350,10632,10335,8778,7133,6333,5531,4894,3772
12/31/2015,1,4,2778,2001,1601,1636,1956,4004,5717,6664,6910,7482,8436,8859,10688,11035,11673,11800,11699,10219,9940,8985,8381,8891,7746,5133
